Currency,Contract,Type,Direction,Quantity,Position,Filled Price,Funding,Fee Paid,Cash Flow,Change,Wallet Balance,Action,Time
BTC,BTCUSDT,TRADE,BUY,0.00082200000000000000,0.00000000000000000000,60803.00000000000000000000,0.00000000000000000000,-0.00000082200000000000,0.00082200000000000000,0.00082117800000000000,0.00224775000000000000,--,2024-08-03 23:42:55
USDT,BTCUSDT,TRADE,BUY,-49.98006600000000000000,0.00000000000000000000,60803.00000000000000000000,0.00000000000000000000,0.00000000000000000000,-49.98006600000000000000,-49.98006600000000000000,5.31055717010000000000,--,2024-08-03 23:42:55
STRK,STRKUSDT,TRADE,BUY,10.00000000000000000000,0.00000000000000000000,0.44500000000000000000,0.00000000000000000000,-0.01000000000000000000,10.00000000000000000000,9.99000000000000000000,61.25868000000000000000,--,2024-08-02 07:30:21
USDT,STRKUSDT,TRADE,BUY,-4.45000000000000000000,0.00000000000000000000,0.44500000000000000000,0.00000000000000000000,0.00000000000000000000,-4.45000000000000000000,-4.45000000000000000000,55.29062317010000000000,--,2024-08-02 07:30:21
ATOM,ATOMUSDT,TRADE,BUY,1.77200000000000000000,0.00000000000000000000,5.64100000000000000000,0.00000000000000000000,-0.00177200000000000000,1.77200000000000000000,1.77022800000000000000,4.02996600000000000000,--,2024-08-02 07:30:21
USDT,ATOMUSDT,TRADE,BUY,-9.99585200000000000000,0.00000000000000000000,5.64100000000000000000,0.00000000000000000000,0.00000000000000000000,-9.99585200000000000000,-9.99585200000000000000,59.74062317010000000000,--,2024-08-02 07:30:21
FIL,FILUSDT,TRADE,BUY,2.46000000000000000000,0.00000000000000000000,4.05200000000000000000,0.00000000000000000000,-0.00246000000000000000,2.46000000000000000000,2.45754000000000000000,8.65134000000000000000,--,2024-08-02 07:27:22
USDT,FILUSDT,TRADE,BUY,-9.96792000000000000000,0.00000000000000000000,4.05200000000000000000,0.00000000000000000000,0.00000000000000000000,-9.96792000000000000000,-9.96792000000000000000,69.73647517010000000000,--,2024-08-02 07:27:22
ETHFI,ETHFIUSDT,TRADE,BUY,5.40000000000000000000,0.00000000000000000000,1.84910000000000000000,0.00000000000000000000,-0.00540000000000000000,5.40000000000000000000,5.39460000000000000000,20.73460000000000000000,--,2024-08-02 07:26:33
USDT,ETHFIUSDT,TRADE,BUY,-9.98514000000000000000,0.00000000000000000000,1.84910000000000000000,0.00000000000000000000,0.00000000000000000000,-9.98514000000000000000,-9.98514000000000000000,79.70439517010000000000,--,2024-08-02 07:26:33
SUI,SUIUSDT,TRADE,BUY,14.87000000000000000000,0.00000000000000000000,0.67220000000000000000,0.00000000000000000000,-0.01487000000000000000,14.87000000000000000000,14.85513000000000000000,76.83309000000000000000,--,2024-08-02 07:25:29
USDT,SUIUSDT,TRADE,BUY,-9.99561400000000000000,0.00000000000000000000,0.67220000000000000000,0.00000000000000000000,0.00000000000000000000,-9.99561400000000000000,-9.99561400000000000000,89.68953517010000000000,--,2024-08-02 07:25:29
NEAR,NEARUSDT,TRADE,BUY,2.09000000000000000000,0.00000000000000000000,4.77300000000000000000,0.00000000000000000000,-0.00209000000000000000,2.09000000000000000000,2.08791000000000000000,8.90109000000000000000,--,2024-08-02 07:24:21
USDT,NEARUSDT,TRADE,BUY,-9.97557000000000000000,0.00000000000000000000,4.77300000000000000000,0.00000000000000000000,0.00000000000000000000,-9.97557000000000000000,-9.97557000000000000000,99.68514917010000000000,--,2024-08-02 07:24:21
THETA,THETAUSDT,TRADE,BUY,7.65000000000000000000,0.00000000000000000000,1.30930000000000000000,0.00000000000000000000,-0.00765000000000000000,7.65000000000000000000,7.64235000000000000000,28.48577000000000000000,--,2024-08-02 07:23:27
USDT,THETAUSDT,TRADE,BUY,-10.01614500000000000000,0.00000000000000000000,1.30930000000000000000,0.00000000000000000000,0.00000000000000000000,-10.01614500000000000000,-10.01614500000000000000,109.66071917010000000000,--,2024-08-02 07:23:27
WLD,WLDUSDT,TRADE,BUY,5.01000000000000000000,0.00000000000000000000,1.98990000000000000000,0.00000000000000000000,-0.00501000000000000000,5.01000000000000000000,5.00499000000000000000,13.52646000000000000000,--,2024-08-02 07:20:04
USDT,WLDUSDT,TRADE,BUY,-9.96939900000000000000,0.00000000000000000000,1.98990000000000000000,0.00000000000000000000,0.00000000000000000000,-9.96939900000000000000,-9.96939900000000000000,119.67686417010000000000,--,2024-08-02 07:20:04
USDT,,TRANSFER_IN,--,0.00000000000000000000,0.00000000000000000000,0.00000000000000000000,0.00000000000000000000,0.00000000000000000000,129.59860000000000000000,129.59860000000000000000,129.64626317010000000000,--,2024-08-02 07:19:30
BTC,BTCUSDT,TRADE,BUY,0.00033900000000000000,0.00000000000000000000,55403.03000000000000000000,0.00000000000000000000,-0.00000033900000000000,0.00033900000000000000,0.00033866100000000000,0.00142657200000000000,--,2024-07-05 03:36:58
USDT,BTCUSDT,TRADE,BUY,-18.78162717000000000000,0.00000000000000000000,55403.03000000000000000000,0.00000000000000000000,0.00000000000000000000,-18.78162717000000000000,-18.78162717000000000000,0.04766317010000000000,--,2024-07-05 03:36:58
XAI,XAIUSDT,TRADE,SELL,-47.14000000000000000000,0.00000000000000000000,0.36753000000000000000,0.00000000000000000000,0.00000000000000000000,-47.14000000000000000000,-47.14000000000000000000,0.00871000000000000000,--,2024-07-03 01:46:54
USDT,XAIUSDT,TRADE,SELL,17.32536420000000000000,0.00000000000000000000,0.36753000000000000000,0.00000000000000000000,-0.01732536420000000000,17.32536420000000000000,17.30803883580000000000,18.82929034010000000000,--,2024-07-03 01:46:54
XAI,XAIUSDT,TRADE,SELL,-4.09000000000000000000,0.00000000000000000000,0.36753000000000000000,0.00000000000000000000,0.00000000000000000000,-4.09000000000000000000,-4.09000000000000000000,47.14871000000000000000,--,2024-07-03 01:46:54
USDT,XAIUSDT,TRADE,SELL,1.50319770000000000000,0.00000000000000000000,0.36753000000000000000,0.00000000000000000000,-0.00150319770000000000,1.50319770000000000000,1.50169450230000000000,1.52125150430000000000,--,2024-07-03 01:46:54
XAI,XAIUSDT,TRADE,BUY,21.29000000000000000000,0.00000000000000000000,0.46490000000000000000,0.00000000000000000000,-0.02129000000000000000,21.29000000000000000000,21.26871000000000000000,51.23871000000000000000,--,2024-06-24 11:10:15
USDT,XAIUSDT,TRADE,BUY,-9.89772100000000000000,0.00000000000000000000,0.46490000000000000000,0.00000000000000000000,0.00000000000000000000,-9.89772100000000000000,-9.89772100000000000000,0.01955700200000000000,--,2024-06-24 11:10:15
NEAR,NEARUSDT,TRADE,BUY,1.82000000000000000000,0.00000000000000000000,5.44690000000000000000,0.00000000000000000000,-0.00182000000000000000,1.82000000000000000000,1.81818000000000000000,6.81318000000000000000,--,2024-06-24 10:21:45
USDT,NEARUSDT,TRADE,BUY,-9.91335800000000000000,0.00000000000000000000,5.44690000000000000000,0.00000000000000000000,0.00000000000000000000,-9.91335800000000000000,-9.91335800000000000000,9.91727800200000000000,--,2024-06-24 10:21:45
FIL,FILUSDT,TRADE,BUY,2.36000000000000000000,0.00000000000000000000,4.20700000000000000000,0.00000000000000000000,-0.00236000000000000000,2.36000000000000000000,2.35764000000000000000,6.19380000000000000000,--,2024-06-24 10:21:17
USDT,FILUSDT,TRADE,BUY,-9.92852000000000000000,0.00000000000000000000,4.20700000000000000000,0.00000000000000000000,0.00000000000000000000,-9.92852000000000000000,-9.92852000000000000000,19.83063600200000000000,--,2024-06-24 10:21:17
EGLD,EGLDUSDT,TRADE,BUY,0.35600000000000000000,0.00000000000000000000,27.94000000000000000000,0.00000000000000000000,-0.00035600000000000000,0.35600000000000000000,0.35564400000000000000,0.86713200000000000000,--,2024-06-24 10:20:57
USDT,EGLDUSDT,TRADE,BUY,-9.94664000000000000000,0.00000000000000000000,27.94000000000000000000,0.00000000000000000000,0.00000000000000000000,-9.94664000000000000000,-9.94664000000000000000,29.75915600200000000000,--,2024-06-24 10:20:57
THETA,THETAUSDT,TRADE,BUY,6.58000000000000000000,0.00000000000000000000,1.51250000000000000000,0.00000000000000000000,-0.00658000000000000000,6.58000000000000000000,6.57342000000000000000,20.84342000000000000000,--,2024-06-24 10:13:05
USDT,THETAUSDT,TRADE,BUY,-9.95225000000000000000,0.00000000000000000000,1.51250000000000000000,0.00000000000000000000,0.00000000000000000000,-9.95225000000000000000,-9.95225000000000000000,39.70579600200000000000,--,2024-06-24 10:13:05
JUP,JUPUSDT,TRADE,BUY,13.77000000000000000000,0.00000000000000000000,0.72620000000000000000,0.00000000000000000000,-0.01377000000000000000,13.77000000000000000000,13.75623000000000000000,38.73123000000000000000,--,2024-06-24 10:12:02
USDT,JUPUSDT,TRADE,BUY,-9.99977400000000000000,0.00000000000000000000,0.72620000000000000000,0.00000000000000000000,0.00000000000000000000,-9.99977400000000000000,-9.99977400000000000000,49.65804600200000000000,--,2024-06-24 10:12:02
WLD,WLDUSDT,TRADE,BUY,3.53000000000000000000,0.00000000000000000000,2.83500000000000000000,0.00000000000000000000,-0.00353000000000000000,3.53000000000000000000,3.52647000000000000000,8.52147000000000000000,--,2024-06-24 10:10:16
USDT,WLDUSDT,TRADE,BUY,-10.00755000000000000000,0.00000000000000000000,2.83500000000000000000,0.00000000000000000000,0.00000000000000000000,-10.00755000000000000000,-10.00755000000000000000,59.65782000200000000000,--,2024-06-24 10:10:16
1INCH,1INCHUSDT,TRADE,BUY,65.13000000000000000000,0.00000000000000000000,0.38300000000000000000,0.00000000000000000000,-0.06513000000000000000,65.13000000000000000000,65.06487000000000000000,65.06487000000000000000,--,2024-06-24 07:25:56
USDT,1INCHUSDT,TRADE,BUY,-24.94479000000000000000,0.00000000000000000000,0.38300000000000000000,0.00000000000000000000,0.00000000000000000000,-24.94479000000000000000,-24.94479000000000000000,69.66537000200000000000,--,2024-06-24 07:25:56
ETH,ETHUSDT,TRADE,BUY,0.01425000000000000000,0.00000000000000000000,3507.00000000000000000000,0.00000000000000000000,-0.00001425000000000000,0.01425000000000000000,0.01423575000000000000,0.02400597000000000000,--,2024-06-22 03:33:02
USDT,ETHUSDT,TRADE,BUY,-49.97475000000000000000,0.00000000000000000000,3507.00000000000000000000,0.00000000000000000000,0.00000000000000000000,-49.97475000000000000000,-49.97475000000000000000,94.61016000200000000000,--,2024-06-22 03:33:02
BTC,BTCUSDT,TRADE,BUY,0.00003500000000000000,0.00000000000000000000,64270.00000000000000000000,0.00000000000000000000,-0.00000003500000000000,0.00003500000000000000,0.00003496500000000000,0.00108791100000000000,--,2024-06-22 03:23:57
USDT,BTCUSDT,TRADE,BUY,-2.24945000000000000000,0.00000000000000000000,64270.00000000000000000000,0.00000000000000000000,0.00000000000000000000,-2.24945000000000000000,-2.24945000000000000000,144.58491000200000000000,--,2024-06-22 03:23:57
BTC,BTCUSDT,TRADE,BUY,0.00074200000000000000,0.00000000000000000000,64270.00000000000000000000,0.00000000000000000000,-0.00000074200000000000,0.00074200000000000000,0.00074125800000000000,0.00105294600000000000,--,2024-06-22 03:23:57
USDT,BTCUSDT,TRADE,BUY,-47.68834000000000000000,0.00000000000000000000,64270.00000000000000000000,0.00000000000000000000,0.00000000000000000000,-47.68834000000000000000,-47.68834000000000000000,146.83436000200000000000,--,2024-06-22 03:23:57
USDT,,TRANSFER_IN,--,0.00000000000000000000,0.00000000000000000000,0.00000000000000000000,0.00000000000000000000,0.00000000000000000000,194.52270000000000000000,194.52270000000000000000,194.52270000200000000000,--,2024-06-22 03:22:35
SOL,,--,--,0.00000000000000000000,0.00000000000000000000,0.00000000000000000000,0.00000000000000000000,0.00000000000000000000,-0.00079000000000000000,-0.00079000000000000000,0.00000000000000000000,--,2024-06-07 12:12:32
MNT,,--,--,0.00000000000000000000,0.00000000000000000000,0.00000000000000000000,0.00000000000000000000,0.00000000000000000000,0.12952516000000000000,0.12952516000000000000,0.16578045000000000000,--,2024-06-07 12:12:32
MNT,,--,--,0.00000000000000000000,0.00000000000000000000,0.00000000000000000000,0.00000000000000000000,0.00000000000000000000,0.00046551000000000000,0.00046551000000000000,0.03625529000000000000,--,2024-06-07 12:12:32
W,,--,--,0.00000000000000000000,0.00000000000000000000,0.00000000000000000000,0.00000000000000000000,0.00000000000000000000,-0.00072000000000000000,-0.00072000000000000000,0.00000000000000000000,--,2024-06-07 12:12:32
MNT,,--,--,0.00000000000000000000,0.00000000000000000000,0.00000000000000000000,0.00000000000000000000,0.00000000000000000000,0.00240064000000000000,0.00240064000000000000,0.03578978000000000000,--,2024-06-07 12:12:32
OP,,--,--,0.00000000000000000000,0.00000000000000000000,0.00000000000000000000,0.00000000000000000000,0.00000000000000000000,-0.00100000000000000000,-0.00100000000000000000,0.00000000000000000000,--,2024-06-07 12:12:32
USDT,,--,--,0.00000000000000000000,0.00000000000000000000,0.00000000000000000000,0.00000000000000000000,0.00000000000000000000,-0.00095675000000000000,-0.00095675000000000000,0.00000000200000000000,--,2024-06-07 12:12:32
MNT,,--,--,0.00000000000000000000,0.00000000000000000000,0.00000000000000000000,0.00000000000000000000,0.00000000000000000000,0.00090941000000000000,0.00090941000000000000,0.03338914000000000000,--,2024-06-07 12:12:32
ETHFI,,--,--,0.00000000000000000000,0.00000000000000000000,0.00000000000000000000,0.00000000000000000000,0.00000000000000000000,-0.00205000000000000000,-0.00205000000000000000,15.34000000000000000000,--,2024-06-07 12:12:32
MNT,,--,--,0.00000000000000000000,0.00000000000000000000,0.00000000000000000000,0.00000000000000000000,0.00000000000000000000,0.00931769000000000000,0.00931769000000000000,0.03247973000000000000,--,2024-06-07 12:12:32
MNT,,--,--,0.00000000000000000000,0.00000000000000000000,0.00000000000000000000,0.00000000000000000000,0.00000000000000000000,0.00080446000000000000,0.00080446000000000000,0.02316204000000000000,--,2024-06-07 12:12:32
PORTAL,,--,--,0.00000000000000000000,0.00000000000000000000,0.00000000000000000000,0.00000000000000000000,0.00000000000000000000,-0.00087000000000000000,-0.00087000000000000000,0.00000000000000000000,--,2024-06-07 12:12:32
MNT,,--,--,0.00000000000000000000,0.00000000000000000000,0.00000000000000000000,0.00000000000000000000,0.00000000000000000000,0.00742663000000000000,0.00742663000000000000,0.02235758000000000000,--,2024-06-07 12:12:32
TNSR,,--,--,0.00000000000000000000,0.00000000000000000000,0.00000000000000000000,0.00000000000000000000,0.00000000000000000000,-0.00600000000000000000,-0.00600000000000000000,21.97000000000000000000,--,2024-06-07 12:12:32
CHZ,,--,--,0.00000000000000000000,0.00000000000000000000,0.00000000000000000000,0.00000000000000000000,0.00000000000000000000,-0.00205000000000000000,-0.00205000000000000000,207.74000000000000000000,--,2024-06-07 12:12:32
MNT,,--,--,0.00000000000000000000,0.00000000000000000000,0.00000000000000000000,0.00000000000000000000,0.00000000000000000000,0.00026987000000000000,0.00026987000000000000,0.01493095000000000000,--,2024-06-07 12:12:32
GRT,,--,--,0.00000000000000000000,0.00000000000000000000,0.00000000000000000000,0.00000000000000000000,0.00000000000000000000,-0.00982000000000000000,-0.00982000000000000000,0.00000000000000000000,--,2024-06-07 12:12:32
MNT,,--,--,0.00000000000000000000,0.00000000000000000000,0.00000000000000000000,0.00000000000000000000,0.00000000000000000000,0.00275805000000000000,0.00275805000000000000,0.01466108000000000000,--,2024-06-07 12:12:32
MNT,,--,--,0.00000000000000000000,0.00000000000000000000,0.00000000000000000000,0.00000000000000000000,0.00000000000000000000,0.01190303000000000000,0.01190303000000000000,0.01190303000000000000,--,2024-06-07 12:12:32
THETA,,--,--,0.00000000000000000000,0.00000000000000000000,0.00000000000000000000,0.00000000000000000000,0.00000000000000000000,-0.00571000000000000000,-0.00571000000000000000,14.27000000000000000000,--,2024-06-07 12:12:32
CHZ,CHZUSDT,TRADE,BUY,173.67000000000000000000,0.00000000000000000000,0.14570000000000000000,0.00000000000000000000,-0.17367000000000000000,173.67000000000000000000,173.49633000000000000000,207.74205000000000000000,--,2024-06-04 11:40:07
USDT,CHZUSDT,TRADE,BUY,-25.30371900000000000000,0.00000000000000000000,0.14570000000000000000,0.00000000000000000000,0.00000000000000000000,-25.30371900000000000000,-25.30371900000000000000,0.00095675200000000000,--,2024-06-04 11:40:07
CHZ,CHZUSDT,TRADE,BUY,34.28000000000000000000,0.00000000000000000000,0.14570000000000000000,0.00000000000000000000,-0.03428000000000000000,34.28000000000000000000,34.24572000000000000000,34.24572000000000000000,--,2024-06-04 11:39:55
USDT,CHZUSDT,TRADE,BUY,-4.99459600000000000000,0.00000000000000000000,0.14570000000000000000,0.00000000000000000000,0.00000000000000000000,-4.99459600000000000000,-4.99459600000000000000,25.30467575200000000000,--,2024-06-04 11:39:55
W,WUSDT,TRADE,SELL,-0.01000000000000000000,0.00000000000000000000,0.68400000000000000000,0.00000000000000000000,0.00000000000000000000,-0.01000000000000000000,-0.01000000000000000000,0.00072000000000000000,--,2024-06-04 00:25:16
USDT,WUSDT,TRADE,SELL,0.00684000000000000000,0.00000000000000000000,0.68400000000000000000,0.00000000000000000000,-0.00000684000000000000,0.00684000000000000000,0.00683316000000000000,30.29927175200000000000,--,2024-06-04 00:25:16
W,WUSDT,TRADE,SELL,-44.33000000000000000000,0.00000000000000000000,0.68400000000000000000,0.00000000000000000000,0.00000000000000000000,-44.33000000000000000000,-44.33000000000000000000,0.01072000000000000000,--,2024-06-04 00:25:16
USDT,WUSDT,TRADE,SELL,30.32172000000000000000,0.00000000000000000000,0.68400000000000000000,0.00000000000000000000,-0.03032172000000000000,30.32172000000000000000,30.29139828000000000000,30.29243859200000000000,--,2024-06-04 00:25:16
STRK,STRKUSDT,TRADE,BUY,29.53000000000000000000,0.00000000000000000000,1.21100000000000000000,0.00000000000000000000,-0.02953000000000000000,29.53000000000000000000,29.50047000000000000000,51.26868000000000000000,--,2024-06-02 09:11:06
USDT,STRKUSDT,TRADE,BUY,-35.76083000000000000000,0.00000000000000000000,1.21100000000000000000,0.00000000000000000000,0.00000000000000000000,-35.76083000000000000000,-35.76083000000000000000,0.00104031200000000000,--,2024-06-02 09:11:06
STRK,STRKUSDT,TRADE,BUY,21.79000000000000000000,0.00000000000000000000,1.21100000000000000000,0.00000000000000000000,-0.02179000000000000000,21.79000000000000000000,21.76821000000000000000,21.76821000000000000000,--,2024-06-02 09:11:06
USDT,STRKUSDT,TRADE,BUY,-26.38769000000000000000,0.00000000000000000000,1.21100000000000000000,0.00000000000000000000,0.00000000000000000000,-26.38769000000000000000,-26.38769000000000000000,35.76187031200000000000,--,2024-06-02 09:11:06
PORTAL,PORTALUSDT,TRADE,SELL,-59.07000000000000000000,0.00000000000000000000,0.97000000000000000000,0.00000000000000000000,0.00000000000000000000,-59.07000000000000000000,-59.07000000000000000000,0.00087000000000000000,--,2024-06-02 06:14:53
USDT,PORTALUSDT,TRADE,SELL,57.29790000000000000000,0.00000000000000000000,0.97000000000000000000,0.00000000000000000000,-0.05729790000000000000,57.29790000000000000000,57.24060210000000000000,62.14956031200000000000,--,2024-06-02 06:14:53
USDT,,TRANSFER_IN,--,0.00000000000000000000,0.00000000000000000000,0.00000000000000000000,0.00000000000000000000,0.00000000000000000000,3.50000000000000000000,3.50000000000000000000,4.90895821200000000000,--,2024-05-30 09:11:30
USDT,,TRANSFER_OUT,--,0.00000000000000000000,0.00000000000000000000,0.00000000000000000000,0.00000000000000000000,0.00000000000000000000,-3.50000000000000000000,-3.50000000000000000000,1.40895821200000000000,--,2024-05-29 10:37:03
HBAR,HBARUSDT,TRADE,BUY,268.90000000000000000000,0.00000000000000000000,0.10542000000000000000,0.00000000000000000000,-0.26890000000000000000,268.90000000000000000000,268.63110000000000000000,547.06239000000000000000,--,2024-05-28 11:27:31
USDT,HBARUSDT,TRADE,BUY,-28.34743800000000000000,0.00000000000000000000,0.10542000000000000000,0.00000000000000000000,0.00000000000000000000,-28.34743800000000000000,-28.34743800000000000000,4.90895821200000000000,--,2024-05-28 11:27:31
HBAR,HBARUSDT,TRADE,BUY,15.67000000000000000000,0.00000000000000000000,0.10542000000000000000,0.00000000000000000000,-0.01567000000000000000,15.67000000000000000000,15.65433000000000000000,278.43129000000000000000,--,2024-05-28 11:27:09
USDT,HBARUSDT,TRADE,BUY,-1.65193140000000000000,0.00000000000000000000,0.10542000000000000000,0.00000000000000000000,0.00000000000000000000,-1.65193140000000000000,-1.65193140000000000000,33.25639621200000000000,--,2024-05-28 11:27:09
EXVG,EXVGUSDT,TRADE,BUY,200.00000000000000000000,0.00000000000000000000,0.15116000000000000000,0.00000000000000000000,-0.20000000000000000000,200.00000000000000000000,199.80000000000000000000,199.80000000000000000000,--,2024-05-27 14:46:32
USDT,EXVGUSDT,TRADE,BUY,-30.23200000000000000000,0.00000000000000000000,0.15116000000000000000,0.00000000000000000000,0.00000000000000000000,-30.23200000000000000000,-30.23200000000000000000,34.90832761200000000000,--,2024-05-27 14:46:32
W,WUSDT,TRADE,SELL,-44.85000000000000000000,0.00000000000000000000,0.60900000000000000000,0.00000000000000000000,0.00000000000000000000,-44.85000000000000000000,-44.85000000000000000000,44.34072000000000000000,--,2024-05-27 13:30:12
USDT,WUSDT,TRADE,SELL,27.31365000000000000000,0.00000000000000000000,0.60900000000000000000,0.00000000000000000000,-0.02731365000000000000,27.31365000000000000000,27.28633635000000000000,65.14032761200000000000,--,2024-05-27 13:30:12
PORTAL,PORTALUSDT,TRADE,BUY,0.01000000000000000000,0.00000000000000000000,0.84550000000000000000,0.00000000000000000000,-0.00001000000000000000,0.01000000000000000000,0.00999000000000000000,59.07087000000000000000,--,2024-05-25 10:29:53
USDT,PORTALUSDT,TRADE,BUY,-0.00845500000000000000,0.00000000000000000000,0.84550000000000000000,0.00000000000000000000,0.00000000000000000000,-0.00845500000000000000,-0.00845500000000000000,37.85399126200000000000,--,2024-05-25 10:29:53
PORTAL,PORTALUSDT,TRADE,BUY,16.57000000000000000000,0.00000000000000000000,0.84550000000000000000,0.00000000000000000000,-0.01657000000000000000,16.57000000000000000000,16.55343000000000000000,59.06088000000000000000,--,2024-05-25 10:29:53
USDT,PORTALUSDT,TRADE,BUY,-14.00993500000000000000,0.00000000000000000000,0.84550000000000000000,0.00000000000000000000,0.00000000000000000000,-14.00993500000000000000,-14.00993500000000000000,37.86244626200000000000,--,2024-05-25 10:29:53
PORTAL,PORTALUSDT,TRADE,BUY,31.36000000000000000000,0.00000000000000000000,0.84550000000000000000,0.00000000000000000000,-0.03136000000000000000,31.36000000000000000000,31.32864000000000000000,42.50745000000000000000,--,2024-05-25 10:29:50
USDT,PORTALUSDT,TRADE,BUY,-26.51488000000000000000,0.00000000000000000000,0.84550000000000000000,0.00000000000000000000,0.00000000000000000000,-26.51488000000000000000,-26.51488000000000000000,51.87238126200000000000,--,2024-05-25 10:29:50
PORTAL,PORTALUSDT,TRADE,BUY,11.19000000000000000000,0.00000000000000000000,0.84550000000000000000,0.00000000000000000000,-0.01119000000000000000,11.19000000000000000000,11.17881000000000000000,11.17881000000000000000,--,2024-05-25 10:29:50
USDT,PORTALUSDT,TRADE,BUY,-9.46114500000000000000,0.00000000000000000000,0.84550000000000000000,0.00000000000000000000,0.00000000000000000000,-9.46114500000000000000,-9.46114500000000000000,78.38726126200000000000,--,2024-05-25 10:29:50
TNSR,TNSRUSDT,TRADE,SELL,-21.98000000000000000000,0.00000000000000000000,1.00000000000000000000,0.00000000000000000000,0.00000000000000000000,-21.98000000000000000000,-21.98000000000000000000,21.97600000000000000000,--,2024-05-24 13:47:59
USDT,TNSRUSDT,TRADE,SELL,21.98000000000000000000,0.00000000000000000000,1.00000000000000000000,0.00000000000000000000,-0.02198000000000000000,21.98000000000000000000,21.95802000000000000000,87.84840626200000000000,--,2024-05-24 13:47:59
W,WUSDT,TRADE,BUY,0.01000000000000000000,0.00000000000000000000,0.55810000000000000000,0.00000000000000000000,-0.00001000000000000000,0.01000000000000000000,0.00999000000000000000,89.19072000000000000000,--,2024-05-22 12:08:01
USDT,WUSDT,TRADE,BUY,-0.00558100000000000000,0.00000000000000000000,0.55810000000000000000,0.00000000000000000000,0.00000000000000000000,-0.00558100000000000000,-0.00558100000000000000,65.89038626200000000000,--,2024-05-22 12:08:01
W,WUSDT,TRADE,BUY,89.27000000000000000000,0.00000000000000000000,0.55810000000000000000,0.00000000000000000000,-0.08927000000000000000,89.27000000000000000000,89.18073000000000000000,89.18073000000000000000,--,2024-05-22 12:08:01
USDT,WUSDT,TRADE,BUY,-49.82158700000000000000,0.00000000000000000000,0.55810000000000000000,0.00000000000000000000,0.00000000000000000000,-49.82158700000000000000,-49.82158700000000000000,65.89596726200000000000,--,2024-05-22 12:08:01
USDT,,TRANSFER_IN,--,0.00000000000000000000,0.00000000000000000000,0.00000000000000000000,0.00000000000000000000,0.00000000000000000000,103.87350000000000000000,103.87350000000000000000,115.71755426200000000000,--,2024-05-22 12:06:14
THETA,THETAUSDT,TRADE,BUY,3.44000000000000000000,0.00000000000000000000,2.48700000000000000000,0.00000000000000000000,-0.00344000000000000000,3.44000000000000000000,3.43656000000000000000,14.27571000000000000000,--,2024-05-21 06:07:59
USDT,THETAUSDT,TRADE,BUY,-8.55528000000000000000,0.00000000000000000000,2.48700000000000000000,0.00000000000000000000,0.00000000000000000000,-8.55528000000000000000,-8.55528000000000000000,11.84405426200000000000,--,2024-05-21 06:07:59
THETA,THETAUSDT,TRADE,BUY,10.85000000000000000000,0.00000000000000000000,2.48700000000000000000,0.00000000000000000000,-0.01085000000000000000,10.85000000000000000000,10.83915000000000000000,10.83915000000000000000,--,2024-05-21 06:07:47
USDT,THETAUSDT,TRADE,BUY,-26.98395000000000000000,0.00000000000000000000,2.48700000000000000000,0.00000000000000000000,0.00000000000000000000,-26.98395000000000000000,-26.98395000000000000000,20.39933426200000000000,--,2024-05-21 06:07:47
USDT,,TRANSFER_IN,--,0.00000000000000000000,0.00000000000000000000,0.00000000000000000000,0.00000000000000000000,0.00000000000000000000,15.04850000000000000000,15.04850000000000000000,47.38328426200000000000,--,2024-05-21 06:00:49
ETHFI,ETHFIUSDT,TRADE,BUY,0.01000000000000000000,0.00000000000000000000,4.12200000000000000000,0.00000000000000000000,-0.00001000000000000000,0.01000000000000000000,0.00999000000000000000,15.34205000000000000000,--,2024-05-20 22:25:32
USDT,ETHFIUSDT,TRADE,BUY,-0.04122000000000000000,0.00000000000000000000,4.12200000000000000000,0.00000000000000000000,0.00000000000000000000,-0.04122000000000000000,-0.04122000000000000000,32.33478426200000000000,--,2024-05-20 22:25:32
ETHFI,ETHFIUSDT,TRADE,BUY,11.99000000000000000000,0.00000000000000000000,4.12200000000000000000,0.00000000000000000000,-0.01199000000000000000,11.99000000000000000000,11.97801000000000000000,15.33206000000000000000,--,2024-05-20 22:24:36
USDT,ETHFIUSDT,TRADE,BUY,-49.42278000000000000000,0.00000000000000000000,4.12200000000000000000,0.00000000000000000000,0.00000000000000000000,-49.42278000000000000000,-49.42278000000000000000,32.37600426200000000000,--,2024-05-20 22:24:36
OP,OPUSDT,TRADE,SELL,-11.98000000000000000000,0.00000000000000000000,2.90000000000000000000,0.00000000000000000000,0.00000000000000000000,-11.98000000000000000000,-11.98000000000000000000,0.00100000000000000000,--,2024-05-20 22:00:05
USDT,OPUSDT,TRADE,SELL,34.74200000000000000000,0.00000000000000000000,2.90000000000000000000,0.00000000000000000000,-0.03474200000000000000,34.74200000000000000000,34.70725800000000000000,81.79878426200000000000,--,2024-05-20 22:00:05
SUI,SUIUSDT,TRADE,BUY,46.04000000000000000000,0.00000000000000000000,1.08600000000000000000,0.00000000000000000000,-0.04604000000000000000,46.04000000000000000000,45.99396000000000000000,61.97796000000000000000,--,2024-05-20 12:32:38
USDT,SUIUSDT,TRADE,BUY,-49.99944000000000000000,0.00000000000000000000,1.08600000000000000000,0.00000000000000000000,0.00000000000000000000,-49.99944000000000000000,-49.99944000000000000000,47.09152626200000000000,--,2024-05-20 12:32:38
OP,OPUSDT,TRADE,SELL,-7.00000000000000000000,0.00000000000000000000,2.61160000000000000000,0.00000000000000000000,0.00000000000000000000,-7.00000000000000000000,-7.00000000000000000000,11.98100000000000000000,--,2024-05-18 03:13:24
USDT,OPUSDT,TRADE,SELL,18.28120000000000000000,0.00000000000000000000,2.61160000000000000000,0.00000000000000000000,-0.01828120000000000000,18.28120000000000000000,18.26291880000000000000,97.09096626200000000000,--,2024-05-18 03:13:24
NEAR,NEARUSDT,TRADE,BUY,1.99000000000000000000,0.00000000000000000000,8.05600000000000000000,0.00000000000000000000,-0.00199000000000000000,1.99000000000000000000,1.98801000000000000000,4.99500000000000000000,--,2024-05-17 22:58:04
USDT,NEARUSDT,TRADE,BUY,-16.03144000000000000000,0.00000000000000000000,8.05600000000000000000,0.00000000000000000000,0.00000000000000000000,-16.03144000000000000000,-16.03144000000000000000,78.82804746200000000000,--,2024-05-17 22:58:04
NEAR,NEARUSDT,TRADE,BUY,2.48000000000000000000,0.00000000000000000000,8.05600000000000000000,0.00000000000000000000,-0.00248000000000000000,2.48000000000000000000,2.47752000000000000000,3.00699000000000000000,--,2024-05-17 22:58:02
USDT,NEARUSDT,TRADE,BUY,-19.97888000000000000000,0.00000000000000000000,8.05600000000000000000,0.00000000000000000000,0.00000000000000000000,-19.97888000000000000000,-19.97888000000000000000,94.85948746200000000000,--,2024-05-17 22:58:02
NEAR,NEARUSDT,TRADE,BUY,0.53000000000000000000,0.00000000000000000000,8.05600000000000000000,0.00000000000000000000,-0.00053000000000000000,0.53000000000000000000,0.52947000000000000000,0.52947000000000000000,--,2024-05-17 22:57:59
USDT,NEARUSDT,TRADE,BUY,-4.26968000000000000000,0.00000000000000000000,8.05600000000000000000,0.00000000000000000000,0.00000000000000000000,-4.26968000000000000000,-4.26968000000000000000,114.83836746200000000000,--,2024-05-17 22:57:59
TNSR,TNSRUSDT,TRADE,BUY,25.91000000000000000000,0.00000000000000000000,0.90300000000000000000,0.00000000000000000000,-0.02591000000000000000,25.91000000000000000000,25.88409000000000000000,43.95600000000000000000,--,2024-05-17 13:43:23
USDT,TNSRUSDT,TRADE,BUY,-23.39673000000000000000,0.00000000000000000000,0.90300000000000000000,0.00000000000000000000,0.00000000000000000000,-23.39673000000000000000,-23.39673000000000000000,119.10804746200000000000,--,2024-05-17 13:43:23
TNSR,TNSRUSDT,TRADE,BUY,15.12000000000000000000,0.00000000000000000000,0.90300000000000000000,0.00000000000000000000,-0.01512000000000000000,15.12000000000000000000,15.10488000000000000000,18.07191000000000000000,--,2024-05-17 13:43:06
USDT,TNSRUSDT,TRADE,BUY,-13.65336000000000000000,0.00000000000000000000,0.90300000000000000000,0.00000000000000000000,0.00000000000000000000,-13.65336000000000000000,-13.65336000000000000000,142.50477746200000000000,--,2024-05-17 13:43:06
TNSR,TNSRUSDT,TRADE,BUY,2.97000000000000000000,0.00000000000000000000,0.90300000000000000000,0.00000000000000000000,-0.00297000000000000000,2.97000000000000000000,2.96703000000000000000,2.96703000000000000000,--,2024-05-17 13:42:57
USDT,TNSRUSDT,TRADE,BUY,-2.68191000000000000000,0.00000000000000000000,0.90300000000000000000,0.00000000000000000000,0.00000000000000000000,-2.68191000000000000000,-2.68191000000000000000,156.15813746200000000000,--,2024-05-17 13:42:57
USDT,,TRANSFER_IN,--,0.00000000000000000000,0.00000000000000000000,0.00000000000000000000,0.00000000000000000000,0.00000000000000000000,100.70640000000000000000,100.70640000000000000000,158.84004746200000000000,--,2024-05-17 13:40:30
OP,OPUSDT,TRADE,BUY,19.00000000000000000000,0.00000000000000000000,2.53800000000000000000,0.00000000000000000000,-0.01900000000000000000,19.00000000000000000000,18.98100000000000000000,18.98100000000000000000,--,2024-05-17 11:28:59
USDT,OPUSDT,TRADE,BUY,-48.22200000000000000000,0.00000000000000000000,2.53800000000000000000,0.00000000000000000000,0.00000000000000000000,-48.22200000000000000000,-48.22200000000000000000,58.13364746200000000000,--,2024-05-17 11:28:59
USDT,,TRANSFER_IN,--,0.00000000000000000000,0.00000000000000000000,0.00000000000000000000,0.00000000000000000000,0.00000000000000000000,99.90000000000000000000,99.90000000000000000000,106.35564746200000000000,--,2024-05-16 18:17:45
GRT,GRTUSDT,TRADE,SELL,-20.13000000000000000000,0.00000000000000000000,0.31000000000000000000,0.00000000000000000000,0.00000000000000000000,-20.13000000000000000000,-20.13000000000000000000,0.00982000000000000000,--,2024-05-10 02:01:30
USDT,GRTUSDT,TRADE,SELL,6.24030000000000000000,0.00000000000000000000,0.31000000000000000000,0.00000000000000000000,-0.00624030000000000000,6.24030000000000000000,6.23405970000000000000,6.45564746200000000000,--,2024-05-10 02:01:30
DCR,DCRUSDT,TRADE,BUY,0.90500000000000000000,0.00000000000000000000,20.54000000000000000000,0.00000000000000000000,-0.00090500000000000000,0.90500000000000000000,0.90409500000000000000,0.90409500000000000000,--,2024-05-08 20:19:54
USDT,DCRUSDT,TRADE,BUY,-18.58870000000000000000,0.00000000000000000000,20.54000000000000000000,0.00000000000000000000,0.00000000000000000000,-18.58870000000000000000,-18.58870000000000000000,0.22158776200000000000,--,2024-05-08 20:19:54
HBAR,HBARUSDT,TRADE,BUY,263.04000000000000000000,0.00000000000000000000,0.11405000000000000000,0.00000000000000000000,-0.26304000000000000000,263.04000000000000000000,262.77696000000000000000,262.77696000000000000000,--,2024-05-06 22:00:33
USDT,HBARUSDT,TRADE,BUY,-29.99971200000000000000,0.00000000000000000000,0.11405000000000000000,0.00000000000000000000,0.00000000000000000000,-29.99971200000000000000,-29.99971200000000000000,18.81028776200000000000,--,2024-05-06 22:00:33
GRT,GRTUSDT,TRADE,SELL,-20.00000000000000000000,0.00000000000000000000,0.28450000000000000000,0.00000000000000000000,0.00000000000000000000,-20.00000000000000000000,-20.00000000000000000000,20.13982000000000000000,--,2024-05-05 13:26:29
USDT,GRTUSDT,TRADE,SELL,5.69000000000000000000,0.00000000000000000000,0.28450000000000000000,0.00000000000000000000,-0.00569000000000000000,5.69000000000000000000,5.68431000000000000000,48.80999976200000000000,--,2024-05-05 13:26:29
XRP,XRPUSDT,TRADE,SELL,-19.98000000000000000000,0.00000000000000000000,0.52810000000000000000,0.00000000000000000000,0.00000000000000000000,-19.98000000000000000000,-19.98000000000000000000,0.00000000000000000000,--,2024-05-03 16:44:20
USDT,XRPUSDT,TRADE,SELL,10.55143800000000000000,0.00000000000000000000,0.52810000000000000000,0.00000000000000000000,-0.01055143800000000000,10.55143800000000000000,10.54088656200000000000,43.12568976200000000000,--,2024-05-03 16:44:20
ATOM,ATOMUSDT,TRADE,BUY,2.26200000000000000000,0.00000000000000000000,8.86000000000000000000,0.00000000000000000000,-0.00226200000000000000,2.26200000000000000000,2.25973800000000000000,2.25973800000000000000,--,2024-05-02 12:43:29
USDT,ATOMUSDT,TRADE,BUY,-20.04132000000000000000,0.00000000000000000000,8.86000000000000000000,0.00000000000000000000,0.00000000000000000000,-20.04132000000000000000,-20.04132000000000000000,32.58480320000000000000,--,2024-05-02 12:43:29
USDT,,TRANSFER_IN,--,0.00000000000000000000,0.00000000000000000000,0.00000000000000000000,0.00000000000000000000,0.00000000000000000000,49.51240000000000000000,49.51240000000000000000,52.62612320000000000000,--,2024-05-02 12:38:05
GRT,GRTUSDT,TRADE,BUY,16.34000000000000000000,0.00000000000000000000,0.24877000000000000000,0.00000000000000000000,-0.01634000000000000000,16.34000000000000000000,16.32366000000000000000,40.13982000000000000000,--,2024-04-29 10:43:52
USDT,GRTUSDT,TRADE,BUY,-4.06490180000000000000,0.00000000000000000000,0.24877000000000000000,0.00000000000000000000,0.00000000000000000000,-4.06490180000000000000,-4.06490180000000000000,3.11372320000000000000,--,2024-04-29 10:43:52
GRT,GRTUSDT,TRADE,BUY,23.84000000000000000000,0.00000000000000000000,0.24875000000000000000,0.00000000000000000000,-0.02384000000000000000,23.84000000000000000000,23.81616000000000000000,23.81616000000000000000,--,2024-04-29 10:43:52
USDT,GRTUSDT,TRADE,BUY,-5.93020000000000000000,0.00000000000000000000,0.24875000000000000000,0.00000000000000000000,0.00000000000000000000,-5.93020000000000000000,-5.93020000000000000000,7.17862500000000000000,--,2024-04-29 10:43:52
ETHFI,ETHFIUSDT,TRADE,SELL,-1.11000000000000000000,0.00000000000000000000,4.60000000000000000000,0.00000000000000000000,0.00000000000000000000,-1.11000000000000000000,-1.11000000000000000000,3.35405000000000000000,--,2024-04-28 13:11:27
USDT,ETHFIUSDT,TRADE,SELL,5.10600000000000000000,0.00000000000000000000,4.60000000000000000000,0.00000000000000000000,-0.00510600000000000000,5.10600000000000000000,5.10089400000000000000,13.10882500000000000000,--,2024-04-28 13:11:27
ETHFI,ETHFIUSDT,TRADE,SELL,-1.48000000000000000000,0.00000000000000000000,4.00000000000000000000,0.00000000000000000000,0.00000000000000000000,-1.48000000000000000000,-1.48000000000000000000,4.46405000000000000000,--,2024-04-28 02:43:58
USDT,ETHFIUSDT,TRADE,SELL,5.92000000000000000000,0.00000000000000000000,4.00000000000000000000,0.00000000000000000000,-0.00592000000000000000,5.92000000000000000000,5.91408000000000000000,8.00793100000000000000,--,2024-04-28 02:43:58
ETHFI,ETHFIUSDT,TRADE,BUY,5.95000000000000000000,0.00000000000000000000,3.34100000000000000000,0.00000000000000000000,-0.00595000000000000000,5.95000000000000000000,5.94405000000000000000,5.94405000000000000000,--,2024-04-27 10:46:39
USDT,ETHFIUSDT,TRADE,BUY,-19.87895000000000000000,0.00000000000000000000,3.34100000000000000000,0.00000000000000000000,0.00000000000000000000,-19.87895000000000000000,-19.87895000000000000000,2.09385100000000000000,--,2024-04-27 10:46:39
BTC,BTCUSDT,TRADE,BUY,0.00031200000000000000,0.00000000000000000000,64101.00000000000000000000,0.00000000000000000000,-0.00000031200000000000,0.00031200000000000000,0.00031168800000000000,0.00031168800000000000,--,2024-04-25 07:37:56
USDT,BTCUSDT,TRADE,BUY,-19.99951200000000000000,0.00000000000000000000,64101.00000000000000000000,0.00000000000000000000,0.00000000000000000000,-19.99951200000000000000,-19.99951200000000000000,21.97280100000000000000,--,2024-04-25 07:37:56
FIL,FILUSDT,TRADE,BUY,3.84000000000000000000,0.00000000000000000000,6.50200000000000000000,0.00000000000000000000,-0.00384000000000000000,3.84000000000000000000,3.83616000000000000000,3.83616000000000000000,--,2024-04-24 12:15:08
USDT,FILUSDT,TRADE,BUY,-24.96768000000000000000,0.00000000000000000000,6.50200000000000000000,0.00000000000000000000,0.00000000000000000000,-24.96768000000000000000,-24.96768000000000000000,41.97231300000000000000,--,2024-04-24 12:15:08
RUNE,RUNEUSDT,TRADE,BUY,3.00000000000000000000,0.00000000000000000000,5.82690000000000000000,0.00000000000000000000,-0.00300000000000000000,3.00000000000000000000,2.99700000000000000000,2.99700000000000000000,--,2024-04-22 03:53:38
USDT,RUNEUSDT,TRADE,BUY,-17.48070000000000000000,0.00000000000000000000,5.82690000000000000000,0.00000000000000000000,0.00000000000000000000,-17.48070000000000000000,-17.48070000000000000000,66.93999300000000000000,--,2024-04-22 03:53:38
JUP,JUPUSDT,TRADE,BUY,25.00000000000000000000,0.00000000000000000000,1.20650000000000000000,0.00000000000000000000,-0.02500000000000000000,25.00000000000000000000,24.97500000000000000000,24.97500000000000000000,--,2024-04-21 11:12:15
USDT,JUPUSDT,TRADE,BUY,-30.16250000000000000000,0.00000000000000000000,1.20650000000000000000,0.00000000000000000000,0.00000000000000000000,-30.16250000000000000000,-30.16250000000000000000,84.42069300000000000000,--,2024-04-21 11:12:15
XAI,XAIUSDT,TRADE,BUY,0.01000000000000000000,0.00000000000000000000,0.76798000000000000000,0.00000000000000000000,-0.00001000000000000000,0.01000000000000000000,0.00999000000000000000,29.97000000000000000000,--,2024-04-21 07:59:43
USDT,XAIUSDT,TRADE,BUY,-0.00767980000000000000,0.00000000000000000000,0.76798000000000000000,0.00000000000000000000,0.00000000000000000000,-0.00767980000000000000,-0.00767980000000000000,114.58319300000000000000,--,2024-04-21 07:59:43
XAI,XAIUSDT,TRADE,BUY,29.99000000000000000000,0.00000000000000000000,0.76798000000000000000,0.00000000000000000000,-0.02999000000000000000,29.99000000000000000000,29.96001000000000000000,29.96001000000000000000,--,2024-04-21 07:59:43
USDT,XAIUSDT,TRADE,BUY,-23.03172020000000000000,0.00000000000000000000,0.76798000000000000000,0.00000000000000000000,0.00000000000000000000,-23.03172020000000000000,-23.03172020000000000000,114.59087280000000000000,--,2024-04-21 07:59:43
EGLD,EGLDUSDT,TRADE,BUY,0.51200000000000000000,0.00000000000000000000,44.20000000000000000000,0.00000000000000000000,-0.00051200000000000000,0.51200000000000000000,0.51148800000000000000,0.51148800000000000000,--,2024-04-21 07:57:17
USDT,EGLDUSDT,TRADE,BUY,-22.63040000000000000000,0.00000000000000000000,44.20000000000000000000,0.00000000000000000000,0.00000000000000000000,-22.63040000000000000000,-22.63040000000000000000,137.62259300000000000000,--,2024-04-21 07:57:17
SOL,SOLUSDT,TRADE,SELL,-0.20900000000000000000,0.00000000000000000000,143.00000000000000000000,0.00000000000000000000,0.00000000000000000000,-0.20900000000000000000,-0.20900000000000000000,0.00079000000000000000,--,2024-04-20 14:06:33
USDT,SOLUSDT,TRADE,SELL,29.88700000000000000000,0.00000000000000000000,143.00000000000000000000,0.00000000000000000000,-0.02988700000000000000,29.88700000000000000000,29.85711300000000000000,160.25299300000000000000,--,2024-04-20 14:06:33
SOL,SOLUSDT,TRADE,BUY,0.21000000000000000000,0.00000000000000000000,142.44000000000000000000,0.00000000000000000000,-0.00021000000000000000,0.21000000000000000000,0.20979000000000000000,0.20979000000000000000,--,2024-04-20 13:59:25
USDT,SOLUSDT,TRADE,BUY,-29.91240000000000000000,0.00000000000000000000,142.44000000000000000000,0.00000000000000000000,0.00000000000000000000,-29.91240000000000000000,-29.91240000000000000000,130.39588000000000000000,--,2024-04-20 13:59:25
USDT,,TRANSFER_IN,--,0.00000000000000000000,0.00000000000000000000,0.00000000000000000000,0.00000000000000000000,0.00000000000000000000,116.23620000000000000000,116.23620000000000000000,160.30828000000000000000,--,2024-04-19 02:52:54
XRP,XRPUSDT,TRADE,BUY,20.00000000000000000000,0.00000000000000000000,0.48010000000000000000,0.00000000000000000000,-0.02000000000000000000,20.00000000000000000000,19.98000000000000000000,19.98000000000000000000,--,2024-04-19 01:39:28
USDT,XRPUSDT,TRADE,BUY,-9.60200000000000000000,0.00000000000000000000,0.48010000000000000000,0.00000000000000000000,0.00000000000000000000,-9.60200000000000000000,-9.60200000000000000000,44.07208000000000000000,--,2024-04-19 01:39:28
ETH,ETHUSDT,TRADE,BUY,0.00978000000000000000,0.00000000000000000000,3029.00000000000000000000,0.00000000000000000000,-0.00000978000000000000,0.00978000000000000000,0.00977022000000000000,0.00977022000000000000,--,2024-04-18 18:10:41
USDT,ETHUSDT,TRADE,BUY,-29.62362000000000000000,0.00000000000000000000,3029.00000000000000000000,0.00000000000000000000,0.00000000000000000000,-29.62362000000000000000,-29.62362000000000000000,53.67408000000000000000,--,2024-04-18 18:10:41
WLD,WLDUSDT,TRADE,BUY,2.00000000000000000000,0.00000000000000000000,4.89490000000000000000,0.00000000000000000000,-0.00200000000000000000,2.00000000000000000000,1.99800000000000000000,4.99500000000000000000,--,2024-04-18 15:53:28
USDT,WLDUSDT,TRADE,BUY,-9.78980000000000000000,0.00000000000000000000,4.89490000000000000000,0.00000000000000000000,0.00000000000000000000,-9.78980000000000000000,-9.78980000000000000000,83.29770000000000000000,--,2024-04-18 15:53:28
WLD,WLDUSDT,TRADE,BUY,3.00000000000000000000,0.00000000000000000000,4.89490000000000000000,0.00000000000000000000,-0.00300000000000000000,3.00000000000000000000,2.99700000000000000000,2.99700000000000000000,--,2024-04-18 15:53:27
USDT,WLDUSDT,TRADE,BUY,-14.68470000000000000000,0.00000000000000000000,4.89490000000000000000,0.00000000000000000000,0.00000000000000000000,-14.68470000000000000000,-14.68470000000000000000,93.08750000000000000000,--,2024-04-18 15:53:27
SUI,SUIUSDT,TRADE,BUY,16.00000000000000000000,0.00000000000000000000,1.23200000000000000000,0.00000000000000000000,-0.01600000000000000000,16.00000000000000000000,15.98400000000000000000,15.98400000000000000000,--,2024-04-18 15:52:55
USDT,SUIUSDT,TRADE,BUY,-19.71200000000000000000,0.00000000000000000000,1.23200000000000000000,0.00000000000000000000,0.00000000000000000000,-19.71200000000000000000,-19.71200000000000000000,107.77220000000000000000,--,2024-04-18 15:52:55
USDT,,TRANSFER_IN,--,0.00000000000000000000,0.00000000000000000000,0.00000000000000000000,0.00000000000000000000,0.00000000000000000000,64.09600000000000000000,64.09600000000000000000,127.48420000000000000000,--,2024-04-18 15:47:41
USDT,,TRANSFER_IN,--,0.00000000000000000000,0.00000000000000000000,0.00000000000000000000,0.00000000000000000000,0.00000000000000000000,63.38820000000000000000,63.38820000000000000000,63.38820000000000000000,--,2024-04-18 14:06:00
